_id,listing_id,photo_url,priority,caption
1,1,http://lorempixel.com/640/480/city,0,Nemo delectus voluptas id aut.
2,1,http://lorempixel.com/640/480/city,1,Eos reiciendis delectus laudantium voluptatem.
3,1,http://lorempixel.com/640/480/city,2,Et magni quibusdam quia dolore.
4,1,http://lorempixel.com/640/480/city,3,Ab quo quo accusamus quibusdam.
5,1,http://lorempixel.com/640/480/city,4,Voluptate minima sunt iusto sint.
6,1,http://lorempixel.com/640/480/city,5,Eius iste magnam repudiandae accusantium.
7,2,http://lorempixel.com/640/480/city,0,Sit quia odio laborum rerum.
8,2,http://lorempixel.com/640/480/city,1,Ut assumenda qui nihil repellendus.
9,2,http://lorempixel.com/640/480/city,2,Ut placeat quas harum labore.
10,2,http://lorempixel.com/640/480/city,3,Facere aut reiciendis libero labore.
11,2,http://lorempixel.com/640/480/city,4,Praesentium sapiente id aperiam modi.
12,2,http://lorempixel.com/640/480/city,5,Dolorem qui esse numquam incidunt.
13,2,http://lorempixel.com/640/480/city,6,Labore unde ut quia consequatur.
14,2,http://lorempixel.com/640/480/city,7,Nostrum non ea voluptas aut.
15,2,http://lorempixel.com/640/480/city,8,Omnis inventore aperiam eligendi omnis.
16,2,http://lorempixel.com/640/480/city,9,Voluptatibus ea rerum porro et.
17,2,http://lorempixel.com/640/480/city,10,Et ex dolores dolorem dicta.
18,2,http://lorempixel.com/640/480/city,11,Architecto culpa velit similique nihil.
19,2,http://lorempixel.com/640/480/city,12,Ut et consectetur nobis quod.
20,2,http://lorempixel.com/640/480/city,13,Delectus voluptatem voluptas ea iure.
21,2,http://lorempixel.com/640/480/city,14,Neque vero quidem non ea.
22,2,http://lorempixel.com/640/480/city,15,Eaque quaerat et rem error.
23,2,http://lorempixel.com/640/480/city,16,Ut totam consequatur qui cum.
24,2,http://lorempixel.com/640/480/city,17,Reprehenderit est et eius quia.
25,2,http://lorempixel.com/640/480/city,18,Natus dolor sed aut incidunt.
26,2,http://lorempixel.com/640/480/city,19,Aut omnis sit consequatur a.
27,2,http://lorempixel.com/640/480/city,20,Est harum corrupti architecto nemo.
28,2,http://lorempixel.com/640/480/city,21,Optio praesentium non placeat sequi.
29,3,http://lorempixel.com/640/480/city,0,Quos quia dolorum laboriosam harum.
30,3,http://lorempixel.com/640/480/city,1,Error omnis ut est impedit.
31,3,http://lorempixel.com/640/480/city,2,Consequatur nesciunt est voluptatum velit.
32,3,http://lorempixel.com/640/480/city,3,Odit quia esse magni nemo.
33,3,http://lorempixel.com/640/480/city,4,Ut commodi laborum quia nobis.
34,3,http://lorempixel.com/640/480/city,5,Voluptatem quasi eveniet ut ut.
35,3,http://lorempixel.com/640/480/city,6,Velit numquam corporis voluptatem soluta.
36,3,http://lorempixel.com/640/480/city,7,Quos ullam sequi at officiis.
37,3,http://lorempixel.com/640/480/city,8,Dignissimos molestias tempora ut esse.
38,3,http://lorempixel.com/640/480/city,9,Fugiat et repudiandae omnis minus.
39,3,http://lorempixel.com/640/480/city,10,Officia nisi vel quas sed.
40,3,http://lorempixel.com/640/480/city,11,Cumque fuga ad quasi quos.
41,3,http://lorempixel.com/640/480/city,12,Fuga suscipit non ipsam ipsum.
42,3,http://lorempixel.com/640/480/city,13,Id eligendi explicabo ad sunt.
43,4,http://lorempixel.com/640/480/city,0,Nihil aut quae saepe commodi.
44,4,http://lorempixel.com/640/480/city,1,Deserunt et quo itaque natus.
45,4,http://lorempixel.com/640/480/city,2,Iure esse maiores ipsam est.
46,4,http://lorempixel.com/640/480/city,3,Voluptatum dolores sed consequatur iste.
47,4,http://lorempixel.com/640/480/city,4,Qui qui necessitatibus atque provident.
48,4,http://lorempixel.com/640/480/city,5,Quidem voluptates sit ad labore.
49,4,http://lorempixel.com/640/480/city,6,Consequuntur quo aperiam debitis aperiam.
50,4,http://lorempixel.com/640/480/city,7,Enim tempora nemo nostrum commodi.
51,4,http://lorempixel.com/640/480/city,8,Est quia aspernatur dolores quas.
52,4,http://lorempixel.com/640/480/city,9,Velit fugit sed cupiditate labore.
53,4,http://lorempixel.com/640/480/city,10,Repellat sunt dolores dolores numquam.
54,4,http://lorempixel.com/640/480/city,11,Nam ut veritatis non voluptas.
55,5,http://lorempixel.com/640/480/city,0,Assumenda velit fugiat ipsum tempora.
56,5,http://lorempixel.com/640/480/city,1,Nesciunt dolorem dicta voluptatem et.
57,5,http://lorempixel.com/640/480/city,2,Vero voluptatem non cum earum.
58,5,http://lorempixel.com/640/480/city,3,Reprehenderit id modi quas et.
59,5,http://lorempixel.com/640/480/city,4,Repudiandae facere praesentium aliquid corporis.
60,5,http://lorempixel.com/640/480/city,5,Consequatur omnis dolores temporibus nesciunt.
61,5,http://lorempixel.com/640/480/city,6,Dolorum molestias quo rem cumque.
62,5,http://lorempixel.com/640/480/city,7,Dignissimos et saepe eligendi facere.
63,5,http://lorempixel.com/640/480/city,8,Quia omnis commodi explicabo animi.
64,5,http://lorempixel.com/640/480/city,9,In excepturi sit sunt a.
65,5,http://lorempixel.com/640/480/city,10,Ea a distinctio iste praesentium.
66,5,http://lorempixel.com/640/480/city,11,Nobis officiis incidunt corrupti et.
67,5,http://lorempixel.com/640/480/city,12,Labore nesciunt voluptate recusandae et.
68,5,http://lorempixel.com/640/480/city,13,Sint id et sit earum.
69,5,http://lorempixel.com/640/480/city,14,Distinctio nulla nihil sit maiores.
70,5,http://lorempixel.com/640/480/city,15,Iure illum consequatur voluptatem accusamus.
71,5,http://lorempixel.com/640/480/city,16,Dolores omnis soluta repudiandae sunt.
72,5,http://lorempixel.com/640/480/city,17,Quia consequatur neque laboriosam corporis.
73,5,http://lorempixel.com/640/480/city,18,Natus perspiciatis suscipit libero et.
74,5,http://lorempixel.com/640/480/city,19,Dignissimos hic quia dignissimos unde.
75,5,http://lorempixel.com/640/480/city,20,Debitis omnis aut est sit.
76,5,http://lorempixel.com/640/480/city,21,Beatae aperiam dolorem at modi.
77,5,http://lorempixel.com/640/480/city,22,Cumque dolor consectetur maxime optio.
78,5,http://lorempixel.com/640/480/city,23,Laboriosam non placeat dolorum quo.
79,5,http://lorempixel.com/640/480/city,24,Optio rerum aut est sed.
80,5,http://lorempixel.com/640/480/city,25,Autem suscipit suscipit dolor ipsa.
